,city,province,country,confirm,heal,dead,suspect,update_time
0,武汉,湖北,中国,46201,8171,1856,0,2020-02-23 15:38:50
1,孝感,湖北,中国,3443,1078,102,0,2020-02-23 15:38:50
2,黄冈,湖北,中国,2904,1540,98,0,2020-02-23 15:38:50
3,荆州,湖北,中国,1574,681,41,0,2020-02-23 15:38:50
4,鄂州,湖北,中国,1379,417,40,0,2020-02-23 15:38:50
5,随州,湖北,中国,1300,498,30,0,2020-02-23 15:38:50
6,襄阳,湖北,中国,1173,463,28,0,2020-02-23 15:38:50
7,黄石,湖北,中国,1001,442,29,0,2020-02-23 15:38:50
8,荆门,湖北,中国,918,361,37,0,2020-02-23 15:38:50
9,宜昌,湖北,中国,917,289,29,0,2020-02-23 15:38:50
10,咸宁,湖北,中国,836,398,11,0,2020-02-23 15:38:50
11,十堰,湖北,中国,667,267,2,0,2020-02-23 15:38:50
12,仙桃,湖北,中国,571,248,19,0,2020-02-23 15:38:50
13,天门,湖北,中国,494,232,13,0,2020-02-23 15:38:50
14,监狱系统,湖北,中国,253,3,0,0,2020-02-23 15:38:50
15,恩施州,湖北,中国,251,123,3,0,2020-02-23 15:38:50
16,潜江,湖北,中国,191,78,8,0,2020-02-23 15:38:50
17,神农架,湖北,中国,11,10,0,0,2020-02-23 15:38:50
18,深圳,广东,中国,417,226,3,0,2020-02-23 15:38:50
19,广州,广东,中国,345,197,0,0,2020-02-23 15:38:50
20,珠海,广东,中国,98,52,1,0,2020-02-23 15:38:50
21,东莞,广东,中国,94,31,1,0,2020-02-23 15:38:50
22,佛山,广东,中国,84,34,0,0,2020-02-23 15:38:50
23,中山,广东,中国,66,49,0,0,2020-02-23 15:38:50
24,惠州,广东,中国,62,46,0,0,2020-02-23 15:38:50
25,汕头,广东,中国,25,21,0,0,2020-02-23 15:38:50
26,江门,广东,中国,23,9,0,0,2020-02-23 15:38:50
27,湛江,广东,中国,22,12,0,0,2020-02-23 15:38:50
28,肇庆,广东,中国,19,10,1,0,2020-02-23 15:38:50
29,梅州,广东,中国,16,11,0,0,2020-02-23 15:38:50
30,茂名,广东,中国,14,6,0,0,2020-02-23 15:38:50
31,阳江,广东,中国,13,10,0,0,2020-02-23 15:38:50
32,清远,广东,中国,12,10,0,0,2020-02-23 15:38:50
33,韶关,广东,中国,10,6,0,0,2020-02-23 15:38:50
34,揭阳,广东,中国,8,4,0,0,2020-02-23 15:38:50
35,汕尾,广东,中国,5,2,0,0,2020-02-23 15:38:50
36,潮州,广东,中国,5,3,0,0,2020-02-23 15:38:50
37,河源,广东,中国,4,1,0,0,2020-02-23 15:38:50
38,地区待确认,广东,中国,0,0,0,0,2020-02-23 15:38:50
39,信阳,河南,中国,274,28,3,0,2020-02-23 15:38:50
40,郑州,河南,中国,157,36,1,0,2020-02-23 15:38:50
41,南阳,河南,中国,155,28,2,0,2020-02-23 15:38:50
42,驻马店,河南,中国,139,25,0,0,2020-02-23 15:38:50
43,商丘,河南,中国,91,9,1,0,2020-02-23 15:38:50
44,周口,河南,中国,76,16,0,0,2020-02-23 15:38:50
45,平顶山,河南,中国,58,13,1,0,2020-02-23 15:38:50
46,新乡,河南,中国,57,6,1,0,2020-02-23 15:38:50
47,安阳,河南,中国,53,10,0,0,2020-02-23 15:38:50
48,许昌,河南,中国,39,2,0,0,2020-02-23 15:38:50
49,漯河,河南,中国,35,6,0,0,2020-02-23 15:38:50
50,焦作,河南,中国,32,1,1,0,2020-02-23 15:38:50
51,洛阳,河南,中国,31,2,0,0,2020-02-23 15:38:50
52,开封,河南,中国,26,1,0,0,2020-02-23 15:38:50
53,鹤壁,河南,中国,19,3,0,0,2020-02-23 15:38:50
54,濮阳,河南,中国,17,1,0,0,2020-02-23 15:38:50
55,三门峡,河南,中国,7,3,0,0,2020-02-23 15:38:50
56,济源示范区,河南,中国,5,0,0,0,2020-02-23 15:38:50
57,地区待确认,河南,中国,0,671,9,0,2020-02-23 15:38:50
58,温州,浙江,中国,504,280,1,0,2020-02-23 15:38:50
59,杭州,浙江,中国,169,123,0,0,2020-02-23 15:38:50
60,宁波,浙江,中国,157,109,0,0,2020-02-23 15:38:50
61,台州,浙江,中国,146,92,0,0,2020-02-23 15:38:50
62,金华,浙江,中国,55,39,0,0,2020-02-23 15:38:50
63,嘉兴,浙江,中国,45,23,0,0,2020-02-23 15:38:50
64,绍兴,浙江,中国,42,27,0,0,2020-02-23 15:38:50
65,省十里丰监狱,浙江,中国,36,0,0,0,2020-02-23 15:38:50
66,丽水,浙江,中国,17,14,0,0,2020-02-23 15:38:50
67,衢州,浙江,中国,14,10,0,0,2020-02-23 15:38:50
68,湖州,浙江,中国,10,7,0,0,2020-02-23 15:38:50
69,舟山,浙江,中国,10,5,0,0,2020-02-23 15:38:50
70,长沙,湖南,中国,242,141,2,0,2020-02-23 15:38:50
71,岳阳,湖南,中国,156,87,1,0,2020-02-23 15:38:50
72,邵阳,湖南,中国,102,86,1,0,2020-02-23 15:38:50
73,常德,湖南,中国,82,60,0,0,2020-02-23 15:38:50
74,株洲,湖南,中国,80,47,0,0,2020-02-23 15:38:50
75,娄底,湖南,中国,76,54,0,0,2020-02-23 15:38:50
76,益阳,湖南,中国,59,52,0,0,2020-02-23 15:38:50
77,衡阳,湖南,中国,48,37,0,0,2020-02-23 15:38:50
78,永州,湖南,中国,43,37,0,0,2020-02-23 15:38:50
79,怀化,湖南,中国,40,38,0,0,2020-02-23 15:38:50
80,郴州,湖南,中国,39,31,0,0,2020-02-23 15:38:50
81,湘潭,湖南,中国,36,21,0,0,2020-02-23 15:38:50
82,湘西自治州,湖南,中国,8,8,0,0,2020-02-23 15:38:50
83,张家界,湖南,中国,5,5,0,0,2020-02-23 15:38:50
84,合肥,安徽,中国,174,103,1,0,2020-02-23 15:38:50
85,蚌埠,安徽,中国,160,107,5,0,2020-02-23 15:38:50
86,阜阳,安徽,中国,155,102,0,0,2020-02-23 15:38:50
87,亳州,安徽,中国,108,80,0,0,2020-02-23 15:38:50
88,安庆,安徽,中国,83,65,0,0,2020-02-23 15:38:50
89,六安,安徽,中国,69,44,0,0,2020-02-23 15:38:50
90,宿州,安徽,中国,41,26,0,0,2020-02-23 15:38:50
91,马鞍山,安徽,中国,38,19,0,0,2020-02-23 15:38:50
92,芜湖,安徽,中国,33,27,0,0,2020-02-23 15:38:50
93,铜陵,安徽,中国,29,15,0,0,2020-02-23 15:38:50
94,淮北,安徽,中国,27,17,0,0,2020-02-23 15:38:50
95,淮南,安徽,中国,27,15,0,0,2020-02-23 15:38:50
96,池州,安徽,中国,17,10,0,0,2020-02-23 15:38:50
97,滁州,安徽,中国,13,8,0,0,2020-02-23 15:38:50
98,黄山,安徽,中国,9,6,0,0,2020-02-23 15:38:50
99,宣城,安徽,中国,6,4,0,0,2020-02-23 15:38:50
100,南昌,江西,中国,229,178,0,0,2020-02-23 15:38:50
101,新余,江西,中国,130,95,0,0,2020-02-23 15:38:50
102,上饶,江西,中国,123,88,0,0,2020-02-23 15:38:50
103,九江,江西,中国,118,51,0,0,2020-02-23 15:38:50
104,宜春,江西,中国,106,72,0,0,2020-02-23 15:38:50
105,赣州,江西,中国,76,47,1,0,2020-02-23 15:38:50
106,抚州,江西,中国,72,47,0,0,2020-02-23 15:38:50
107,萍乡,江西,中国,33,13,0,0,2020-02-23 15:38:50
108,吉安,江西,中国,22,11,0,0,2020-02-23 15:38:50
109,鹰潭,江西,中国,18,6,0,0,2020-02-23 15:38:50
110,景德镇,江西,中国,6,3,0,0,2020-02-23 15:38:50
111,赣江新区,江西,中国,1,0,0,0,2020-02-23 15:38:50
112,济宁,山东,中国,257,31,0,0,2020-02-23 15:38:50
113,青岛,山东,中国,59,34,1,0,2020-02-23 15:38:50
114,临沂,山东,中国,49,44,0,0,2020-02-23 15:38:50
115,烟台,山东,中国,47,19,0,0,2020-02-23 15:38:50
116,济南,山东,中国,47,24,0,0,2020-02-23 15:38:50
117,潍坊,山东,中国,44,22,0,0,2020-02-23 15:38:50
118,威海,山东,中国,38,21,0,0,2020-02-23 15:38:50
119,聊城,山东,中国,38,22,0,0,2020-02-23 15:38:50
120,德州,山东,中国,37,12,2,0,2020-02-23 15:38:50
121,泰安,山东,中国,35,21,1,0,2020-02-23 15:38:50
122,淄博,山东,中国,30,14,0,0,2020-02-23 15:38:50
123,枣庄,山东,中国,24,18,0,0,2020-02-23 15:38:50
124,菏泽,山东,中国,18,15,0,0,2020-02-23 15:38:50
125,日照,山东,中国,16,10,0,0,2020-02-23 15:38:50
126,滨州,山东,中国,15,11,0,0,2020-02-23 15:38:50
127,南京,江苏,中国,93,52,0,0,2020-02-23 15:38:50
128,苏州,江苏,中国,87,49,0,0,2020-02-23 15:38:50
129,徐州,江苏,中国,79,63,0,0,2020-02-23 15:38:50
130,淮安,江苏,中国,66,38,0,0,2020-02-23 15:38:50
131,无锡,江苏,中国,55,39,0,0,2020-02-23 15:38:50
132,常州,江苏,中国,51,36,0,0,2020-02-23 15:38:50
133,连云港,江苏,中国,48,22,0,0,2020-02-23 15:38:50
134,南通,江苏,中国,40,32,0,0,2020-02-23 15:38:50
135,泰州,江苏,中国,37,25,0,0,2020-02-23 15:38:50
136,盐城,江苏,中国,27,20,0,0,2020-02-23 15:38:50
137,扬州,江苏,中国,23,17,0,0,2020-02-23 15:38:50
138,宿迁,江苏,中国,13,8,0,0,2020-02-23 15:38:50
139,镇江,江苏,中国,12,10,0,0,2020-02-23 15:38:50
140,万州区,重庆,中国,118,66,4,0,2020-02-23 15:38:50
141,江北区,重庆,中国,28,10,0,0,2020-02-23 15:38:50
142,云阳县,重庆,中国,25,19,0,0,2020-02-23 15:38:50
143,綦江区,重庆,中国,23,12,0,0,2020-02-23 15:38:50
144,合川区,重庆,中国,23,13,0,0,2020-02-23 15:38:50
145,奉节县,重庆,中国,22,10,0,0,2020-02-23 15:38:50
146,开州区,重庆,中国,21,16,1,0,2020-02-23 15:38:50
147,忠县,重庆,中国,21,18,0,0,2020-02-23 15:38:50
148,长寿区,重庆,中国,21,11,0,0,2020-02-23 15:38:50
149,渝中区,重庆,中国,20,15,0,0,2020-02-23 15:38:50
150,九龙坡区,重庆,中国,20,11,1,0,2020-02-23 15:38:50
151,垫江县,重庆,中国,20,10,0,0,2020-02-23 15:38:50
152,潼南区,重庆,中国,18,6,0,0,2020-02-23 15:38:50
153,两江新区,重庆,中国,17,10,0,0,2020-02-23 15:38:50
154,渝北区,重庆,中国,17,10,0,0,2020-02-23 15:38:50
155,石柱县,重庆,中国,15,11,0,0,2020-02-23 15:38:50
156,南岸区,重庆,中国,15,5,0,0,2020-02-23 15:38:50
157,巫溪县,重庆,中国,14,9,0,0,2020-02-23 15:38:50
158,大足区,重庆,中国,14,9,0,0,2020-02-23 15:38:50
159,巫山县,重庆,中国,10,6,0,0,2020-02-23 15:38:50
160,铜梁区,重庆,中国,10,4,0,0,2020-02-23 15:38:50
161,丰都县,重庆,中国,10,4,0,0,2020-02-23 15:38:50
162,荣昌区,重庆,中国,9,5,0,0,2020-02-23 15:38:50
163,璧山区,重庆,中国,9,7,0,0,2020-02-23 15:38:50
164,沙坪坝区,重庆,中国,8,1,0,0,2020-02-23 15:38:50
165,大渡口区,重庆,中国,7,6,0,0,2020-02-23 15:38:50
166,巴南区,重庆,中国,6,3,0,0,2020-02-23 15:38:50
167,永川区,重庆,中国,5,4,0,0,2020-02-23 15:38:50
168,涪陵区,重庆,中国,5,2,0,0,2020-02-23 15:38:50
169,江津区,重庆,中国,4,3,0,0,2020-02-23 15:38:50
170,高新区,重庆,中国,4,2,0,0,2020-02-23 15:38:50
171,梁平区,重庆,中国,4,4,0,0,2020-02-23 15:38:50
172,城口县,重庆,中国,2,2,0,0,2020-02-23 15:38:50
173,黔江区,重庆,中国,2,2,0,0,2020-02-23 15:38:50
174,彭水县,重庆,中国,2,0,0,0,2020-02-23 15:38:50
175,武隆区,重庆,中国,1,1,0,0,2020-02-23 15:38:50
176,万盛经开区,重庆,中国,1,0,0,0,2020-02-23 15:38:50
177,酉阳县,重庆,中国,1,0,0,0,2020-02-23 15:38:50
178,秀山县,重庆,中国,1,1,0,0,2020-02-23 15:38:50
179,成都,四川,中国,143,78,3,0,2020-02-23 15:38:50
180,甘孜,四川,中国,69,12,0,0,2020-02-23 15:38:50
181,达州,四川,中国,41,13,0,0,2020-02-23 15:38:50
182,南充,四川,中国,38,20,0,0,2020-02-23 15:38:50
183,广安,四川,中国,30,20,0,0,2020-02-23 15:38:50
184,泸州,四川,中国,24,6,0,0,2020-02-23 15:38:50
185,巴中,四川,中国,24,10,0,0,2020-02-23 15:38:50
186,内江,四川,中国,22,10,0,0,2020-02-23 15:38:50
187,绵阳,四川,中国,22,12,0,0,2020-02-23 15:38:50
188,德阳,四川,中国,18,6,0,0,2020-02-23 15:38:50
189,遂宁,四川,中国,17,10,0,0,2020-02-23 15:38:50
190,攀枝花,四川,中国,16,16,0,0,2020-02-23 15:38:50
191,凉山,四川,中国,13,8,0,0,2020-02-23 15:38:50
192,宜宾,四川,中国,12,8,0,0,2020-02-23 15:38:50
193,自贡,四川,中国,9,7,0,0,2020-02-23 15:38:50
194,眉山,四川,中国,8,6,0,0,2020-02-23 15:38:50
195,雅安,四川,中国,7,4,0,0,2020-02-23 15:38:50
196,广元,四川,中国,6,5,0,0,2020-02-23 15:38:50
197,资阳,四川,中国,3,2,0,0,2020-02-23 15:38:50
198,乐山,四川,中国,3,2,0,0,2020-02-23 15:38:50
199,阿坝,四川,中国,1,1,0,0,2020-02-23 15:38:50
200,哈尔滨,黑龙江,中国,198,77,3,0,2020-02-23 15:38:50
201,双鸭山,黑龙江,中国,52,19,3,0,2020-02-23 15:38:50
202,绥化,黑龙江,中国,47,29,4,0,2020-02-23 15:38:50
203,鸡西,黑龙江,中国,46,14,0,0,2020-02-23 15:38:50
204,齐齐哈尔,黑龙江,中国,43,23,1,0,2020-02-23 15:38:50
205,大庆,黑龙江,中国,26,8,1,0,2020-02-23 15:38:50
206,七台河,黑龙江,中国,17,9,0,0,2020-02-23 15:38:50
207,佳木斯,黑龙江,中国,15,15,0,0,2020-02-23 15:38:50
208,黑河,黑龙江,中国,14,9,0,0,2020-02-23 15:38:50
209,牡丹江,黑龙江,中国,14,6,0,0,2020-02-23 15:38:50
210,鹤岗,黑龙江,中国,5,4,0,0,2020-02-23 15:38:50
211,大兴安岭,黑龙江,中国,2,2,0,0,2020-02-23 15:38:50
212,伊春,黑龙江,中国,1,0,0,0,2020-02-23 15:38:50
213,海淀,北京,中国,62,0,0,0,2020-02-23 15:38:50
214,朝阳,北京,中国,60,0,0,0,2020-02-23 15:38:50
215,西城,北京,中国,53,0,0,0,2020-02-23 15:38:50
216,丰台,北京,中国,41,0,0,0,2020-02-23 15:38:50
217,大兴,北京,中国,39,0,0,0,2020-02-23 15:38:50
218,昌平,北京,中国,29,0,0,0,2020-02-23 15:38:50
219,外地来京,北京,中国,26,0,0,0,2020-02-23 15:38:50
220,通州,北京,中国,19,0,0,0,2020-02-23 15:38:50
221,房山,北京,中国,16,0,0,0,2020-02-23 15:38:50
222,石景山,北京,中国,14,0,0,0,2020-02-23 15:38:50
223,东城,北京,中国,12,0,0,0,2020-02-23 15:38:50
224,顺义,北京,中国,10,0,0,0,2020-02-23 15:38:50
225,怀柔,北京,中国,7,0,0,0,2020-02-23 15:38:50
226,密云,北京,中国,7,0,0,0,2020-02-23 15:38:50
227,门头沟,北京,中国,3,0,0,0,2020-02-23 15:38:50
228,延庆,北京,中国,1,0,0,0,2020-02-23 15:38:50
229,地区待确认,北京,中国,0,189,4,0,2020-02-23 15:38:50
230,外地来沪,上海,中国,111,81,0,0,2020-02-23 15:38:50
231,浦东,上海,中国,60,48,0,0,2020-02-23 15:38:50
232,宝山,上海,中国,21,12,0,0,2020-02-23 15:38:50
233,闵行,上海,中国,19,16,0,0,2020-02-23 15:38:50
234,徐汇,上海,中国,18,15,0,0,2020-02-23 15:38:50
235,静安,上海,中国,16,12,0,0,2020-02-23 15:38:50
236,松江,上海,中国,14,10,0,0,2020-02-23 15:38:50
237,长宁,上海,中国,13,12,0,0,2020-02-23 15:38:50
238,普陀,上海,中国,11,8,0,0,2020-02-23 15:38:50
239,杨浦,上海,中国,9,6,0,0,2020-02-23 15:38:50
240,嘉定,上海,中国,9,6,0,0,2020-02-23 15:38:50
241,奉贤,上海,中国,9,5,0,0,2020-02-23 15:38:50
242,虹口,上海,中国,7,5,0,0,2020-02-23 15:38:50
243,黄浦,上海,中国,6,4,0,0,2020-02-23 15:38:50
244,青浦,上海,中国,5,5,0,0,2020-02-23 15:38:50
245,崇明,上海,中国,4,2,0,0,2020-02-23 15:38:50
246,金山,上海,中国,3,2,0,0,2020-02-23 15:38:50
247,地区待确认,上海,中国,0,0,3,0,2020-02-23 15:38:50
248,唐山,河北,中国,58,20,1,0,2020-02-23 15:38:50
249,沧州,河北,中国,48,26,3,0,2020-02-23 15:38:50
250,张家口,河北,中国,34,26,0,0,2020-02-23 15:38:50
251,邯郸,河北,中国,32,22,0,0,2020-02-23 15:38:50
252,保定,河北,中国,32,29,0,0,2020-02-23 15:38:50
253,廊坊,河北,中国,30,25,0,0,2020-02-23 15:38:50
254,石家庄,河北,中国,29,19,0,0,2020-02-23 15:38:50
255,邢台,河北,中国,23,18,1,0,2020-02-23 15:38:50
256,秦皇岛,河北,中国,10,6,1,0,2020-02-23 15:38:50
257,衡水,河北,中国,8,7,0,0,2020-02-23 15:38:50
258,承德,河北,中国,7,6,0,0,2020-02-23 15:38:50
259,福州,福建,中国,71,50,1,0,2020-02-23 15:38:50
260,莆田,福建,中国,55,24,0,0,2020-02-23 15:38:50
261,泉州,福建,中国,46,19,0,0,2020-02-23 15:38:50
262,厦门,福建,中国,35,17,0,0,2020-02-23 15:38:50
263,宁德,福建,中国,26,20,0,0,2020-02-23 15:38:50
264,漳州,福建,中国,20,13,0,0,2020-02-23 15:38:50
265,南平,福建,中国,20,10,0,0,2020-02-23 15:38:50
266,三明,福建,中国,14,5,0,0,2020-02-23 15:38:50
267,龙岩,福建,中国,6,3,0,0,2020-02-23 15:38:50
268,地区待确认,福建,中国,0,4,0,0,2020-02-23 15:38:50
269,南宁,广西,中国,55,28,0,0,2020-02-23 15:38:50
270,北海,广西,中国,44,14,1,0,2020-02-23 15:38:50
271,桂林,广西,中国,32,17,0,0,2020-02-23 15:38:50
272,河池,广西,中国,25,4,1,0,2020-02-23 15:38:50
273,柳州,广西,中国,24,11,0,0,2020-02-23 15:38:50
274,防城港,广西,中国,19,6,0,0,2020-02-23 15:38:50
275,来宾,广西,中国,11,0,0,0,2020-02-23 15:38:50
276,玉林,广西,中国,11,6,0,0,2020-02-23 15:38:50
277,钦州,广西,中国,8,6,0,0,2020-02-23 15:38:50
278,贵港,广西,中国,8,3,0,0,2020-02-23 15:38:50
279,梧州,广西,中国,5,5,0,0,2020-02-23 15:38:50
280,贺州,广西,中国,4,2,0,0,2020-02-23 15:38:50
281,百色,广西,中国,3,2,0,0,2020-02-23 15:38:50
282,崇左,广西,中国,0,0,0,0,2020-02-23 15:38:50
283,西安,陕西,中国,120,0,0,0,2020-02-23 15:38:50
284,安康,陕西,中国,26,0,0,0,2020-02-23 15:38:50
285,汉中,陕西,中国,26,0,0,0,2020-02-23 15:38:50
286,咸阳,陕西,中国,17,0,0,0,2020-02-23 15:38:50
287,渭南,陕西,中国,15,0,0,0,2020-02-23 15:38:50
288,宝鸡,陕西,中国,13,0,0,0,2020-02-23 15:38:50
289,延安,陕西,中国,8,0,0,0,2020-02-23 15:38:50
290,铜川,陕西,中国,8,0,0,0,2020-02-23 15:38:50
291,商洛,陕西,中国,7,0,0,0,2020-02-23 15:38:50
292,榆林,陕西,中国,3,0,0,0,2020-02-23 15:38:50
293,韩城,陕西,中国,1,0,0,0,2020-02-23 15:38:50
294,杨凌,陕西,中国,1,0,0,0,2020-02-23 15:38:50
295,地区待确认,陕西,中国,0,153,1,0,2020-02-23 15:38:50
296,昆明,云南,中国,53,32,0,0,2020-02-23 15:38:50
297,昭通市,云南,中国,25,14,0,0,2020-02-23 15:38:50
298,西双版纳州,云南,中国,15,12,1,0,2020-02-23 15:38:50
299,玉溪,云南,中国,14,9,1,0,2020-02-23 15:38:50
300,大理,云南,中国,13,11,0,0,2020-02-23 15:38:50
301,曲靖,云南,中国,13,9,0,0,2020-02-23 15:38:50
302,保山市,云南,中国,9,5,0,0,2020-02-23 15:38:50
303,红河,云南,中国,9,4,0,0,2020-02-23 15:38:50
304,丽江市,云南,中国,7,7,0,0,2020-02-23 15:38:50
305,德宏州,云南,中国,5,2,0,0,2020-02-23 15:38:50
306,普洱,云南,中国,4,4,0,0,2020-02-23 15:38:50
307,楚雄州,云南,中国,4,4,0,0,2020-02-23 15:38:50
308,文山州,云南,中国,2,1,0,0,2020-02-23 15:38:50
309,临沧,云南,中国,1,1,0,0,2020-02-23 15:38:50
310,三亚,海南,中国,54,33,1,0,2020-02-23 15:38:50
311,海口,海南,中国,39,19,0,0,2020-02-23 15:38:50
312,儋州,海南,中国,15,12,0,0,2020-02-23 15:38:50
313,万宁,海南,中国,13,9,0,0,2020-02-23 15:38:50
314,澄迈县,海南,中国,9,6,1,0,2020-02-23 15:38:50
315,昌江县,海南,中国,7,3,0,0,2020-02-23 15:38:50
316,临高县,海南,中国,6,4,0,0,2020-02-23 15:38:50
317,琼海,海南,中国,6,4,1,0,2020-02-23 15:38:50
318,陵水县,海南,中国,4,3,0,0,2020-02-23 15:38:50
319,文昌,海南,中国,3,3,0,0,2020-02-23 15:38:50
320,东方,海南,中国,3,2,0,0,2020-02-23 15:38:50
321,定安县,海南,中国,3,2,1,0,2020-02-23 15:38:50
322,保亭,海南,中国,3,1,0,0,2020-02-23 15:38:50
323,乐东,海南,中国,2,2,0,0,2020-02-23 15:38:50
324,琼中县,海南,中国,1,1,0,0,2020-02-23 15:38:50
325,贵阳,贵州,中国,36,18,1,0,2020-02-23 15:38:50
326,遵义,贵州,中国,32,18,0,0,2020-02-23 15:38:50
327,毕节,贵州,中国,23,13,0,0,2020-02-23 15:38:50
328,黔南州,贵州,中国,17,12,0,0,2020-02-23 15:38:50
329,黔东南州,贵州,中国,10,8,0,0,2020-02-23 15:38:50
330,铜仁,贵州,中国,10,10,0,0,2020-02-23 15:38:50
331,六盘水,贵州,中国,10,7,1,0,2020-02-23 15:38:50
332,安顺,贵州,中国,4,1,0,0,2020-02-23 15:38:50
333,黔西南州,贵州,中国,4,4,0,0,2020-02-23 15:38:50
334,宝坻区,天津,中国,60,19,0,0,2020-02-23 15:38:50
335,河东区,天津,中国,15,8,0,0,2020-02-23 15:38:50
336,河北区,天津,中国,12,10,0,0,2020-02-23 15:38:50
337,和平区,天津,中国,6,4,0,0,2020-02-23 15:38:50
338,北辰区,天津,中国,6,2,0,0,2020-02-23 15:38:50
339,南开区,天津,中国,6,2,0,0,2020-02-23 15:38:50
340,外地来津,天津,中国,6,4,0,0,2020-02-23 15:38:50
341,河西区,天津,中国,4,3,0,0,2020-02-23 15:38:50
342,宁河区,天津,中国,4,1,0,0,2020-02-23 15:38:50
343,东丽区,天津,中国,4,2,0,0,2020-02-23 15:38:50
344,西青区,天津,中国,4,4,0,0,2020-02-23 15:38:50
345,滨海新区,天津,中国,3,2,0,0,2020-02-23 15:38:50
346,武清区,天津,中国,2,1,0,0,2020-02-23 15:38:50
347,红桥区,天津,中国,2,2,0,0,2020-02-23 15:38:50
348,津南区,天津,中国,1,1,0,0,2020-02-23 15:38:50
349,地区待确认,天津,中国,0,0,3,0,2020-02-23 15:38:50
350,晋中,山西,中国,36,22,0,0,2020-02-23 15:38:50
351,太原,山西,中国,20,12,0,0,2020-02-23 15:38:50
352,运城,山西,中国,19,16,0,0,2020-02-23 15:38:50
353,大同,山西,中国,12,6,0,0,2020-02-23 15:38:50
354,晋城,山西,中国,10,5,0,0,2020-02-23 15:38:50
355,朔州,山西,中国,8,3,0,0,2020-02-23 15:38:50
356,长治,山西,中国,8,3,0,0,2020-02-23 15:38:50
357,忻州,山西,中国,7,4,0,0,2020-02-23 15:38:50
358,吕梁,山西,中国,6,6,0,0,2020-02-23 15:38:50
359,阳泉,山西,中国,4,3,0,0,2020-02-23 15:38:50
360,临汾,山西,中国,2,1,0,0,2020-02-23 15:38:50
361,沈阳,辽宁,中国,28,16,0,0,2020-02-23 15:38:50
362,大连,辽宁,中国,19,9,0,0,2020-02-23 15:38:50
363,锦州,辽宁,中国,12,9,0,0,2020-02-23 15:38:50
364,葫芦岛,辽宁,中国,12,5,1,0,2020-02-23 15:38:50
365,盘锦,辽宁,中国,11,5,0,0,2020-02-23 15:38:50
366,阜新,辽宁,中国,8,6,0,0,2020-02-23 15:38:50
367,铁岭,辽宁,中国,7,2,0,0,2020-02-23 15:38:50
368,丹东,辽宁,中国,7,6,0,0,2020-02-23 15:38:50
369,朝阳市,辽宁,中国,6,3,0,0,2020-02-23 15:38:50
370,鞍山,辽宁,中国,4,0,0,0,2020-02-23 15:38:50
371,辽阳,辽宁,中国,3,3,0,0,2020-02-23 15:38:50
372,本溪,辽宁,中国,3,3,0,0,2020-02-23 15:38:50
373,营口,辽宁,中国,1,1,0,0,2020-02-23 15:38:50
374,兰州,甘肃,中国,36,29,2,0,2020-02-23 15:38:50
375,天水,甘肃,中国,12,12,0,0,2020-02-23 15:38:50
376,定西,甘肃,中国,9,8,0,0,2020-02-23 15:38:50
377,平凉,甘肃,中国,9,6,0,0,2020-02-23 15:38:50
378,甘南州,甘肃,中国,8,6,0,0,2020-02-23 15:38:50
379,白银,甘肃,中国,4,3,0,0,2020-02-23 15:38:50
380,陇南,甘肃,中国,4,4,0,0,2020-02-23 15:38:50
381,庆阳,甘肃,中国,3,2,0,0,2020-02-23 15:38:50
382,临夏,甘肃,中国,3,3,0,0,2020-02-23 15:38:50
383,张掖,甘肃,中国,2,2,0,0,2020-02-23 15:38:50
384,金昌,甘肃,中国,1,1,0,0,2020-02-23 15:38:50
385,地区待确认,甘肃,中国,0,0,0,0,2020-02-23 15:38:50
386,长春,吉林,中国,45,26,0,0,2020-02-23 15:38:50
387,四平,吉林,中国,15,9,1,0,2020-02-23 15:38:50
388,辽源,吉林,中国,7,1,0,0,2020-02-23 15:38:50
389,公主岭,吉林,中国,6,3,0,0,2020-02-23 15:38:50
390,吉林,吉林,中国,5,5,0,0,2020-02-23 15:38:50
391,延边,吉林,中国,5,4,0,0,2020-02-23 15:38:50
392,通化,吉林,中国,4,1,0,0,2020-02-23 15:38:50
393,松原,吉林,中国,2,2,0,0,2020-02-23 15:38:50
394,梅河口市,吉林,中国,1,1,0,0,2020-02-23 15:38:50
395,白城,吉林,中国,1,0,0,0,2020-02-23 15:38:50
396,乌鲁木齐,新疆,中国,23,10,0,0,2020-02-23 15:38:50
397,伊犁州,新疆,中国,18,6,0,0,2020-02-23 15:38:50
398,兵团第四师,新疆,中国,10,0,0,0,2020-02-23 15:38:50
399,昌吉州,新疆,中国,4,3,0,0,2020-02-23 15:38:50
400,兵团第九师,新疆,中国,4,0,1,0,2020-02-23 15:38:50
401,第八师石河子,新疆,中国,4,1,1,0,2020-02-23 15:38:50
402,巴州,新疆,中国,3,2,0,0,2020-02-23 15:38:50
403,兵团第十二师,新疆,中国,3,0,0,0,2020-02-23 15:38:50
404,吐鲁番,新疆,中国,3,1,0,0,2020-02-23 15:38:50
405,六师五家渠,新疆,中国,2,0,0,0,2020-02-23 15:38:50
406,第七师,新疆,中国,1,1,0,0,2020-02-23 15:38:50
407,阿克苏,新疆,中国,1,1,0,0,2020-02-23 15:38:50
408,包头,内蒙古,中国,11,4,0,0,2020-02-23 15:38:50
409,鄂尔多斯,内蒙古,中国,11,7,0,0,2020-02-23 15:38:50
410,赤峰,内蒙古,中国,9,3,0,0,2020-02-23 15:38:50
411,锡林郭勒,内蒙古,中国,9,1,0,0,2020-02-23 15:38:50
412,巴彦淖尔,内蒙古,中国,8,3,0,0,2020-02-23 15:38:50
413,通辽,内蒙古,中国,7,1,0,0,2020-02-23 15:38:50
414,呼和浩特,内蒙古,中国,7,2,0,0,2020-02-23 15:38:50
415,呼伦贝尔,内蒙古,中国,7,4,0,0,2020-02-23 15:38:50
416,乌兰察布,内蒙古,中国,3,1,0,0,2020-02-23 15:38:50
417,乌海,内蒙古,中国,2,0,0,0,2020-02-23 15:38:50
418,兴安盟乌兰浩特,内蒙古,中国,1,0,0,0,2020-02-23 15:38:50
419,银川,宁夏,中国,33,28,0,0,2020-02-23 15:38:50
420,吴忠,宁夏,中国,28,12,0,0,2020-02-23 15:38:50
421,固原,宁夏,中国,5,3,0,0,2020-02-23 15:38:50
422,中卫,宁夏,中国,3,3,0,0,2020-02-23 15:38:50
423,石嘴山,宁夏,中国,1,1,0,0,2020-02-23 15:38:50
424,宁东管委会,宁夏,中国,1,1,0,0,2020-02-23 15:38:50
425,地区待确认,香港,中国,69,11,2,0,2020-02-23 15:38:50
426,地区待确认,台湾,中国,28,2,1,0,2020-02-23 15:38:50
427,西宁,青海,中国,15,15,0,0,2020-02-23 15:38:50
428,海北州,青海,中国,3,3,0,0,2020-02-23 15:38:50
429,地区待确认,澳门,中国,10,6,0,0,2020-02-23 15:38:50
430,地区待确认,西藏,中国,1,1,0,0,2020-02-23 15:38:50
